{
    "strategy": "FedAvg",
    "rounds": [
        1,
        2,
        3
    ],
    "test_accuracy": [
        0.3882916345973878,
        0.6963739427352782,
        0.5358265995654471
    ],
    "loss_distributed": [
        1.5091342914621362,
        1.099649193208307,
        1.3261680236858848
    ]
}